customerID,Churn Probability,Churn Risk Level,Key Risk Factors,Recommended Actions,MonthlyCharges,Contract,tenure
4795-UXVCJ,1.9,Low Risk,"Contract : Month-to-month, tenure : 26, OnlineSecurity : No","Contract: Offer 3-month promotional extension; 
tenure: Send personalized retention survey email; 
OnlineSecurity: Provide complimentary security upgrade offer.",19.8,One year,26
7450-NWRTR,88.72,High Risk,"Contract : Month-to-month, InternetService : Fiber optic, OnlineSecurity : No",Offer contract extension; Upgrade to monthly subscription plan; Provide online security solution.,99.45,Month-to-month,12
8044-BGWPI,12.04,Low Risk,"Contract : Month-to-month, InternetService : Fiber optic, OnlineSecurity : No","Contract renewal for fixed-term agreement;
Offer fiber optic internet upgrade discount;
Enhance online security package options.",21.15,Month-to-month,12
5982-PSMKW,2.2,Low Risk,"Contract : Month-to-month, Contract : Two year, OnlineSecurity : No",Extend contract term to Two years; Offer online security plan; Regularly check account status.,91.1,Two year,23
0684-AOSIH,85.32,High Risk,"tenure : 1, Contract : Month-to-month, OnlineSecurity : No","tenure: Offer loyalty discounts for longer periods;
 Contract: Negotiate contract upgrade to fixed-term;
OnlineSecurity: Provide enhanced security features free.",95.0,Month-to-month,1
6032-IGALN,61.93,Medium Risk,"tenure : 1, Contract : Month-to-month, InternetService : Fiber optic",Extend contract term; Offer fiber optic upgrade discount; Send renewal email.,25.1,Month-to-month,1
6408-WHTEF,1.57,Low Risk,"tenure : 72, Contract : Month-to-month, Contract : Two year","tenure: Offer retention discount after 6 months; 
Month-to-month contract: Provide stability with fixed term; 
Two year contract: Extend offer to three years.",89.4,Two year,72
3278-FSIXX,48.83,Medium Risk,"tenure : 2, Contract : Month-to-month, OnlineSecurity : No",Extend tenure for 6 months; Review contract terms; Offer OnlineSecurity package.,45.25,Month-to-month,2
9076-AXYIK,11.5,Low Risk,"Contract : Month-to-month, tenure : 64, Contract : Two year",Offer flexible contract options; provide tenure milestones; review and adjust contract terms.,102.1,Two year,64
6386-SZZKH,11.5,Low Risk,"Contract : Month-to-month, OnlineSecurity : No, Contract : Two year",Extend contract term to 2 years; offer enhanced OnlineSecurity package.,107.95,Two year,49
8652-YHIYU,12.04,Low Risk,"Contract : Month-to-month, OnlineSecurity : No, InternetService : Fiber optic","Contract: Extend contract to 12 months;
OnlineSecurity: Offer free antivirus software upgrade;
InternetService: Provide fiber optic speed boost.",79.5,One year,16
8215-NGSPE,0.49,Low Risk,"Contract : Month-to-month, Contract : Two year, OnlineSecurity : No",Extend contract to two years; Offer online security solution upgrade; Regular progress check.,20.0,Two year,42
3296-SILRA,82.31,High Risk,"tenure : 1, Contract : Month-to-month, InternetService : Fiber optic",Extend contract period; Offer fiber optic upgrade incentives; Schedule a retention call.,76.4,Month-to-month,1
3739-YBWAB,2.38,Low Risk,"Contract : Month-to-month, tenure : 36, OnlineSecurity : No",Extend contract to 6-months; Offer online security solution upgrade; Schedule follow-up call,35.35,One year,36
8908-SLFCJ,1.9,Low Risk,"Contract : Month-to-month, Contract : Two year, OnlineSecurity : No","Monthly contract review and adjustment;
Two-year contract upgrade to annual option;
Implement online security solution now.",20.85,Two year,21
1936-CZAKF,7.08,Low Risk,"Contract : Month-to-month, Contract : Two year, tenure : 49","Contract: Month-to-month; Offer a fixed-term contract option;
 Contract: Two year; Review and adjust two-year pricing plans;
Tenure: 49 days; Send personalized retention offer within 14 days.",49.65,Two year,49
2876-GZYZC,70.64,High Risk,"Contract : Month-to-month, InternetService : Fiber optic, OnlineSecurity : No","Offer flexible contract renewal terms;
Provide alternative internet service options;
Enhance online security with a free upgrade",85.95,Month-to-month,13
9365-SRSZE,37.95,Medium Risk,"tenure : 27, Contract : Month-to-month, InternetService : Fiber optic",tenure_renewal_offer; Contract_extension_promo; Fiber_optic_upgrade_offer,70.55,Month-to-month,27
3137-NYQQI,9.49,Low Risk,"Contract : Month-to-month, OnlineSecurity : No, InternetService : Fiber optic","Contact customer to discuss contract renewal options;
Offer online security suite with personalized setup assistance;
 Upgrade internet service to fiber optic plan.",64.8,One year,17
7318-EIVKO,56.9,Medium Risk,"Contract : Month-to-month, InternetService : Fiber optic, OnlineSecurity : No",Contract: Offer a fixed-term extension; InternetService: Provide Fiber optic upgrade; OnlineSecurity: Install antivirus software.,59.25,Month-to-month,8
6847-KJLTS,33.82,Medium Risk,"tenure : 58, Contract : Month-to-month, InternetService : Fiber optic",tenure discount offered; contract review for options; upgrade to Fiber service.,100.4,Month-to-month,58
3648-GZPHF,6.75,Low Risk,"Contract : Month-to-month, tenure : 32, OnlineSecurity : No","Contract: Offer flexible payment options; 
Tenure: Provide additional training or support; 
OnlineSecurity: Send security awareness email",36.25,One year,32
8314-DPQHL,10.91,Low Risk,"Contract : Month-to-month, OnlineSecurity : No, InternetService : Fiber optic",Extend contract term; Offer online security solution upgrade; Provide fiber optic speed increase.,50.8,One year,9
8053-WWDRO,11.33,Low Risk,"Contract : Month-to-month, OnlineSecurity : No, InternetService : Fiber optic","Contract: Offer flexible payment plans.
OnlineSecurity: Provide complimentary antivirus software.
InternetService: Upgrade to fiber bundle.",19.5,Month-to-month,6
0899-WZRSD,32.63,Medium Risk,"tenure : 56, Contract : Month-to-month, InternetService : Fiber optic","tenure: Offer loyalty discount for long-term commitment;
Contract: Review month-to-month plan with alternative options;
InternetService: Provide fiber optic upgrade to premium package.",105.35,Month-to-month,56
1422-DGUBX,19.36,Low Risk,"Contract : Month-to-month, tenure : 32, OnlineSecurity : No","Month-to-month contract review; Offer flexible renewal terms;
Regular customer check-ins; Schedule quarterly review calls;
OnlineSecurity assessment; Provide complimentary antivirus software.",79.25,One year,32
4660-IRIBM,31.94,Medium Risk,"Contract : Month-to-month, InternetService : Fiber optic, OnlineSecurity : No",Contract renewal with longer term; Offer fiber optic upgrade; Implement online security plan,87.9,Month-to-month,18
4804-NCPET,0.49,Low Risk,"Contract : Month-to-month, Contract : Two year, OnlineSecurity : No",Contract extension offer; OnlineSecurity upgrade notification; Contract review meeting.,20.2,Two year,19
7526-BEZQB,86.5,High Risk,"Contract : Month-to-month, InternetService : Fiber optic, OnlineSecurity : No","Offer contract renewal with fixed-term option;
Provide alternative fiber optic internet plans;
Implement free online security package.",96.05,Month-to-month,12
6211-WWLTF,8.72,Low Risk,"Contract : Month-to-month, Contract : Two year, tenure : 63","Contract renewal offer; two-year contract extension available;
Personalized onboarding to enhance user experience;",99.7,Two year,63
2974-GGUXS,37.95,Medium Risk,"tenure : 36, Contract : Month-to-month, InternetService : Fiber optic","tenure: proactively review contract renewal options; Offer loyalty discount for extended term; Schedule regular check-in with customer.

 Contract : Month-to-month; Send complimentary contract extension offer; Provide clear upgrade/downgrade path.

 InternetService : Fiber optic; Showcase competitive fiber alternative options; Enhance internet plan benefits.",91.95,Month-to-month,36
0902-XKXPN,0.71,Low Risk,"Contract : Month-to-month, tenure : 69, Contract : Two year",Offer contract upgrade to two-year; Renewal incentives for loyal customers; Schedule a call to discuss commitment.,20.2,Two year,69
2115-BFTIW,25.47,Low Risk,"Contract : Month-to-month, tenure : 25, InternetService : Fiber optic","Contract: Convert to fixed-term agreement; 
tenure: Offer loyalty discounts after 24 months;
InternetService: Upgrade plan to faster fiber.",70.95,Month-to-month,25
9399-APLBT,80.62,High Risk,"tenure : 1, Contract : Month-to-month, InternetService : Fiber optic",tenure_renewal_offer; contract_extension_incentive; high_quality_fiber_service,74.7,Month-to-month,1
4367-NUYAO,2.2,Low Risk,"Contract : Month-to-month, tenure : 0, Contract : Two year","Contract review; offer flexible month-to-month terms;
tenure upgrade incentives for loyal customers;
contract extension offer for long-term commitment.",25.75,Two year,0
5380-XPJNZ,1.9,Low Risk,"Contract : Month-to-month, tenure : 38, OnlineSecurity : No","Contract Review; Contract Type Considered for Extension;
 OnlineSecurity Assessment; Quick Setup Offer Provided",20.05,One year,38
8543-MSDMF,47.34,Medium Risk,"Contract : Month-to-month, tenure : 3, OnlineSecurity : No","Contract: Offer fixed-term renewal option; 
Tenure: Schedule regular check-in calls;
OnlineSecurity: Implement complimentary antivirus software.",77.4,Month-to-month,3
8295-FHIVV,11.33,Low Risk,"Contract : Month-to-month, OnlineSecurity : No, InternetService : Fiber optic",Contract renewal offer; Fiber optic speed upgrade; OnlineSecurity software subscription,19.4,Month-to-month,7
2834-JRTUA,8.72,Low Risk,"tenure : 71, Contract : Month-to-month, Contract : Two year","tenure : schedule check-in for next milestone; 
Contract : Month-to-month: review contract renewal options; 
 Contract : Two year: extend or upgrade to longer term",108.05,Two year,71
8966-KZXXA,0.49,Low Risk,"Contract : Month-to-month, Contract : Two year, OnlineSecurity : No",Extend contract to two years; Offer enhanced online security solution; Provide additional support.,25.1,Two year,36
8017-UVSZU,15.14,Low Risk,"Contract : Month-to-month, tenure : 40, InternetService : Fiber optic","Contract review and extension offer; 

Frequent communication with customer to understand needs; 

Upgrade to long-term contract option;",56.6,Month-to-month,40
2371-JUNGC,10.91,Low Risk,"Contract : Month-to-month, OnlineSecurity : No, InternetService : Fiber optic","Contract: Offer flexible payment plans;
OnlineSecurity: Provide complimentary antivirus software;
InternetService: Upgrade to fiber optic package.",20.25,Month-to-month,11
0516-QREYC,9.68,Low Risk,"Contract : Month-to-month, InternetService : Fiber optic, tenure : 24","Contract: Upgrade to fixed-term plan; 
InternetService: Offer fiber optic upgrade options; 
tenure: Provide loyalty discounts for longer tenure.",20.3,Month-to-month,24
8455-HIRAQ,30.62,Medium Risk,"Contract : Month-to-month, InternetService : Fiber optic, OnlineSecurity : No","Contract: Offer flexible payment plans for month-to-month;
InternetService: Provide high-speed fiber optic alternatives;
OnlineSecurity: Offer free antivirus software package.",44.45,Month-to-month,8
8563-OYMQY,46.24,Medium Risk,"Contract : Month-to-month, InternetService : Fiber optic, tenure : 17","Contract: Offer 6-month extension at a discount;
InternetService: Provide fiber optic upgrade options;
tenure: Send customized loyalty retention package.",90.95,Month-to-month,17
2612-PHGOX,4.39,Low Risk,"Contract : Month-to-month, tenure : 64, OnlineSecurity : No",Extend contract duration; Offer flexible payment plans; Upgrade OnlineSecurity package.,76.1,Two year,64
1904-WAJAA,2.2,Low Risk,"Contract : Month-to-month, Contract : Two year, OnlineSecurity : No","Month-to-month contract review and renewal options;
Offer two-year contract discount for commitment; 
Online security assessment and upgrade offer.",64.35,Two year,24
8096-LOIST,32.33,Medium Risk,"Contract : Month-to-month, InternetService : Fiber optic, tenure : 19","Contract: Offer renewal to a fixed-term contract;
InternetService: Promote alternative plans with similar speeds;
Tenure: Provide loyalty rewards for long-term commitment;",56.2,Month-to-month,19
5501-TVMGM,63.54,Medium Risk,"tenure : 1, Contract : Month-to-month, InternetService : Fiber optic","tenure: offer loyalty program with rewards after 6 months;
 Contract: review and consider long-term commitment options;
 InternetService: provide premium fiber optic speeds upgrade.",55.25,Month-to-month,1
0895-LNKRC,2.2,Low Risk,"Contract : Month-to-month, OnlineSecurity : No, InternetService : Fiber optic","Contract: Offer contract extension with favorable terms;
OnlineSecurity: Implement complimentary online security software;
InternetService: Provide upgrade to fiber optic plan.",19.45,One year,6
3886-CERTZ,19.36,Low Risk,"tenure : 72, Contract : Month-to-month, OnlineSecurity : No","tenure : review customer's long-term goals; consider premium services upgrade;
 Contract: offer flexible pricing plans; provide more contract options;
OnlineSecurity: implement a free security suite;",109.25,One year,72
0887-HJGAR,56.7,Medium Risk,"tenure : 1, Contract : Month-to-month, InternetService : Fiber optic",Extend contract term to 12 months; Offer discount on monthly fee; Schedule fiber optic speed upgrade.,45.7,Month-to-month,1
7779-ORAEL,2.2,Low Risk,"Contract : Month-to-month, Contract : Two year, OnlineSecurity : No","Contract: Offer contract extension options;
OnlineSecurity: Implement complimentary antivirus software installation;
Regular check-ins to ensure satisfaction.",75.15,Two year,45
7409-KIUTL,83.73,High Risk,"tenure : 1, Contract : Month-to-month, InternetService : Fiber optic",Extend contract term; Offer fiber optic upgrade options; Schedule retention call.,71.0,Month-to-month,1
5872-OEQNH,11.45,Low Risk,"Contract : Month-to-month, tenure : 60, OnlineSecurity : No","Contract: Consider upgrade to a monthly subscription;
Tenure: Offer incentives for extending contract period;
OnlineSecurity: Enhance security features and support.",44.45,One year,60
5376-DEQCP,85.32,High Risk,"tenure : 1, Contract : Month-to-month, InternetService : Fiber optic","Re-evaluate contract terms to ensure stability;
Offer tiered pricing for fiber optic plans;
Provide additional support during tenure transition.",70.6,Month-to-month,1
9481-SFCQY,23.63,Low Risk,"Contract : Month-to-month, InternetService : Fiber optic, OnlineSecurity : No",Contact customer about contract renewal options; Offer fiber optic plan upgrade; Provide complimentary online security package.,59.8,Month-to-month,14
5839-SUYVZ,31.89,Medium Risk,"Contract : Month-to-month, InternetService : Fiber optic, OnlineSecurity : No","Contract review; offer more flexible payment terms;
Offer bundled fiber optic plans; provide discount;",74.55,Month-to-month,16
4373-VVHQL,63.12,Medium Risk,"tenure : 1, Contract : Month-to-month, InternetService : Fiber optic","tenure: Offer priority support for longest customers;
Contract: Consider upgrading to a fixed-term plan;
InternetService: Provide complimentary fiber optic upgrade;",44.75,Month-to-month,1
4958-GZWIY,33.37,Medium Risk,"Contract : Month-to-month, InternetService : Fiber optic, tenure : 7",Contact customer to discuss contract extension options; Offer flexible internet service plan alternatives; Schedule a meeting to discuss loyalty program benefits.,48.7,Month-to-month,7
6614-FHDBO,4.57,Low Risk,"tenure : 72, Contract : Month-to-month, Contract : Two year","Tenure upgrade to 12 months; 
Contract renewal to two years; 
Month-to-month contract conversion offer.",109.2,Two year,72
3546-GHEAE,1.57,Low Risk,"Contract : Month-to-month, Contract : Two year, OnlineSecurity : No",Contract Renewal Proposal; OnlineSecurity Services Offered; Two-Year Contract Extension,19.45,Two year,7
8857-CUPFQ,0.0,Low Risk,"Contract : Month-to-month, tenure : 63, Contract : Two year",Extend contract to 2 years; offer tenure-based discounts; Provide customer feedback mechanism.,19.25,Two year,63
8198-RKSZG,12.8,Low Risk,"Contract : Month-to-month, InternetService : Fiber optic, OnlineSecurity : No","Contract: Offer flexible renewal terms for stability;
InternetService: Provide complimentary upgrade to fiber optic;
OnlineSecurity: Offer enhanced security suite subscription.",80.45,Month-to-month,14
8361-LTMKD,66.02,Medium Risk,"Contract : Month-to-month, tenure : 4, OnlineSecurity : No","Contact customer to discuss contract renewal options;
Offer tiered pricing plan for longer tenure;
Provide complimentary online security solution.",74.4,Month-to-month,4
3084-DOWLE,1.57,Low Risk,"tenure : 72, Contract : Month-to-month, Contract : Two year","tenure: offer loyalty reward after 2 years;
Contract: Month-to-month: provide contract extension options; 
Contract: Two year: renew for longer term.",92.0,Two year,72
5180-UCIIQ,18.16,Low Risk,"Contract : Month-to-month, InternetService : Fiber optic, OnlineSecurity : No","Contract extension offer; 
Fiber optic speed upgrade proposal;
OnlineSecurity plan enrollment.",40.05,Month-to-month,22
7609-YBPXG,2.41,Low Risk,"Contract : Month-to-month, Contract : Two year, tenure : 54","Action to address month-to-month contract: Extend contract to 12 months.
Action to address two year contract: Offer flexible renewal options.
Action to address high tenure: Provide loyalty incentives now.",87.1,Two year,54
9851-QXEEQ,59.48,Medium Risk,"Contract : Month-to-month, tenure : 41, InternetService : Fiber optic","Contact customer to discuss contract renewal options;
Offer loyalty discount for long-term commitment renewal;
Upgrade internet service to faster fiber optic plan.",104.7,Month-to-month,41
8868-GAGIO,26.41,Low Risk,"Contract : Month-to-month, tenure : 45, OnlineSecurity : No","Contract renewal; Offer flexible contract terms;
Enhance OnlineSecurity offering; provide VPN access;
Personalized communication; review customer satisfaction.",84.55,Month-to-month,45
8823-RLPWL,6.55,Low Risk,"tenure : 72, Contract : Month-to-month, Contract : Two year","tenure : provide milestone recognition and rewards; 
 contract flexibility: offer flexible renewal terms; 
 contract : upgrade to fixed-term contract",110.65,Two year,72
3657-COGMW,27.24,Low Risk,"Contract : Month-to-month, tenure : 52, InternetService : Fiber optic",Month-to-month contract renewal offer; Fiber optic internet upgrade package; Long-term customer appreciation discount.,108.1,Month-to-month,52
3413-BMNZE,49.65,Medium Risk,"tenure : 1, Contract : Month-to-month, InternetService : Fiber optic","tenure: extend contract for 6 months;
Contract: consider switching to fixed-term plan;
InternetService: upgrade to fiber optic package.",45.25,Month-to-month,1
3451-VAWLI,0.49,Low Risk,"Contract : Month-to-month, Contract : Two year, tenure : 35",Extend contract to two years; Offer flexible payment plans; Personalize communication.,19.7,Two year,35
9909-DFRJA,15.76,Low Risk,"Contract : Month-to-month, OnlineSecurity : No, InternetService : Fiber optic","Contract: Re-evaluate Month-to-Month terms; Offer fixed-term options;
OnlineSecurity: Enhance security features and notification settings;
InternetService: Upgrade to Fiber Optic plan immediately.",95.85,One year,26
0701-RFGFI,45.27,Medium Risk,"Contract : Month-to-month, tenure : 49, InternetService : Fiber optic","Contract: Offer tiered pricing for month-to-month plans;
Tenure: Schedule a review to discuss longer-term commitments;
InternetService: Promote bundled fiber optic plans with discounts.",95.4,Month-to-month,49
4522-XRWWI,9.68,Low Risk,"Contract : Month-to-month, InternetService : Fiber optic, OnlineSecurity : No","Month-to-month contract renewal offered;
Fiber optic internet upgrade proposal sent;
Free online security trial activated.",80.45,One year,42
8720-RQSBJ,56.37,Medium Risk,"tenure : 1, Contract : Month-to-month, InternetService : Fiber optic","tenure: Offer loyalty discount after 6 months;
Contract: Consider upgrading to fixed-term contract;
InternetService: Provide priority fiber optic upgrades.",44.0,Month-to-month,1
5762-TJXGK,5.04,Low Risk,"Contract : Month-to-month, Contract : Two year, tenure : 52",Extend two-year contract to three years; Offer flexible payment plans for month-to-month; Provide additional onboarding support.,58.75,Two year,52
3422-WJOYD,2.2,Low Risk,"Contract : Month-to-month, tenure : 28, OnlineSecurity : No",Contract extension for stability; offer flexible contract renewal terms; Regular Contract Reviews with customer.,54.35,One year,28
8400-WZICQ,10.91,Low Risk,"tenure : 55, Contract : Month-to-month, InternetService : Fiber optic","tenure: offer retention discount for long-term commitment;
Contract: review month-to-month agreement terms regularly;
InternetService: provide fiber optic plan upgrade options;",55.7,Month-to-month,55
0137-OCGAB,89.51,Critical Risk,"tenure : 1, Contract : Month-to-month, InternetService : Fiber optic","Extend contract term for 6 months;
Offer upgraded fiber optic plan;
Provide dedicated customer support.",80.2,Month-to-month,1
5376-PCKNB,12.51,Low Risk,"tenure : 72, Contract : Month-to-month, OnlineSecurity : No","Action to improve tenure; offer loyalty discount for long-term commitment;
Extend contract term to reduce monthly payment uncertainty;
Offer free online security upgrade to alleviate concern.",104.45,One year,72
0812-WUPTB,76.83,High Risk,"tenure : 1, Contract : Month-to-month, InternetService : Fiber optic","Extend contract renewal period for 6 months;
Offer competitive fiber optic internet upgrade plan;
Provide loyalty program benefits with rewards.",70.85,Month-to-month,1
7041-TXQJH,25.67,Low Risk,"tenure : 37, Contract : Month-to-month, InternetService : Fiber optic",Extend contract for 6 months; Offer flexible fiber optic plans;,40.2,Month-to-month,37
4948-WBBKL,36.0,Medium Risk,"tenure : 36, Contract : Month-to-month, InternetService : Fiber optic","tenure: Offer loyalty discounts for long-term commitments; 
Contract: Review and upgrade to a fixed-rate plan; 
InternetService: Provide priority fiber optic maintenance schedules",74.9,Month-to-month,36
1518-VOWAV,34.28,Medium Risk,"Contract : Month-to-month, InternetService : Fiber optic, OnlineSecurity : No",Contract renewal offer with loyalty discount; Fiber optic upgrade to premium plan; OnlineSecurity subscription activation.,74.65,Month-to-month,9
6369-MCAKO,1.9,Low Risk,"Contract : Month-to-month, Contract : Two year, OnlineSecurity : No","Contract extension offered; Two year contract renewal proposal sent;
Online security support escalated for immediate assistance;",89.05,Two year,68
4983-CCWMC,58.36,Medium Risk,"Contract : Month-to-month, tenure : 3, OnlineSecurity : No","Re-evaluate contract terms; Offer tiered pricing options;
Personalize onboarding experience to boost tenure;
Implement complimentary online security solution.",69.6,Month-to-month,3
0867-MKZVY,33.54,Medium Risk,"Contract : Month-to-month, PaymentMethod : Electronic check, InternetService : Fiber optic",Contact customer to discuss contract renewal options; Offer alternative payment methods; Upgrade to faster internet service.,82.4,Month-to-month,20
2192-OZITF,2.2,Low Risk,"Contract : Month-to-month, Contract : Two year, OnlineSecurity : No",Contract: Offer two-year subscription; Offer contract extension incentives; Provide renewal support.,73.55,Two year,45
0348-SDKOL,33.82,Medium Risk,"tenure : 58, Contract : Month-to-month, InternetService : Fiber optic","tenure: Offer loyalty discount to retain long-term customers;
 Contract: Provide more flexible contract options for month-to-month customers;
 InternetService: Promote faster internet speeds to improve customer experience;",102.1,Month-to-month,58
3842-IYKUE,23.28,Low Risk,"tenure : 35, Contract : Month-to-month, InternetService : Fiber optic","tenure: Offer tiered pricing for long-term commitments; 
Contract: Provide flexible renewal options monthly;
InternetService: Offer premium fiber optic speeds upgrade.",85.3,Month-to-month,35
7739-LAXOG,44.82,Medium Risk,"tenure : 32, Contract : Month-to-month, InternetService : Fiber optic","Action: Offer 6-month contract extension; 
Action: Upgrade to premium internet service package;
Action: Provide retention bonus for loyalty discount",91.05,Month-to-month,32
8565-WUXZU,1.9,Low Risk,"tenure : 72, Contract : Month-to-month, Contract : Two year","tenure: personalized onboarding for new customers;
contract: monthly review to discuss contract terms;
contract: extend contract offer with incentives.",84.8,Two year,72
0384-LPITE,9.68,Low Risk,"Contract : Month-to-month, InternetService : Fiber optic, OnlineSecurity : No","Contract: Extend contract term; Offer promotional rate extension;
InternetService: Provide fiber optic upgrade options; Improve network reliability;
OnlineSecurity: Activate free antivirus subscription immediately.",62.05,One year,40
5827-MWCZK,24.59,Low Risk,"tenure : 56, Contract : Month-to-month, InternetService : Fiber optic",tenure upgrade to yearly contract; offer loyalty discounts for long-term customers; fiber optic speed increase.,96.95,Month-to-month,56
2800-QQUSO,55.23,Medium Risk,"Contract : Month-to-month, tenure : 42, InternetService : Fiber optic","Extend contract to minimum 6 months;
Offer tiered pricing for longer tenures;
Upgrade internet service to fiber optic.",100.3,Month-to-month,42
5095-ETBRJ,0.49,Low Risk,"Contract : Month-to-month, tenure : 55, Contract : Two year",Contact customer to discuss contract extension; Offer flexible payment plans; Provide upgrade to longer-term contract options.,56.8,Two year,55
7649-SIJJF,0.49,Low Risk,"tenure : 71, Contract : Month-to-month, Contract : Two year","tenure: offer loyalty program upgrade after 6 months; 
 Contract: Month-to-month: provide flexible pricing options; 
 Contract: Two year: offer exclusive renewal perks",80.1,Two year,71
9137-UIYPG,34.28,Medium Risk,"Contract : Month-to-month, InternetService : Fiber optic, tenure : 35","Contract: Offer 6-month extension to secure stability; 
InternetService: Provide alternative fiber optic plans with better pricing; 
tenure: Schedule a call with customer to discuss long-term goals.",106.9,Month-to-month,35
0657-DOGUM,2.38,Low Risk,"Contract : Month-to-month, OnlineSecurity : No, tenure : 48","Offer flexible month-to-month contract options;
Provide complimentary online security solution;
Extend tenure with discounts.",60.6,One year,48
2088-IEBAU,5.09,Low Risk,"Contract : Month-to-month, Contract : Two year, tenure : 68",Extend contract duration to two years; Offer flexible month-to-month option; Provide tenure-based retention incentives.,88.15,Two year,68
7945-HLKEA,2.38,Low Risk,"Contract : Month-to-month, tenure : 60, InternetService : Fiber optic","Contract: Offer flexible contract terms; 
Tenure: Provide loyalty discounts for long-term commitments;
InternetService: Enhance fiber optic speeds.",64.75,One year,60
4121-AGSIN,1.9,Low Risk,"Contract : Month-to-month, tenure : 58, OnlineSecurity : No",Contract Review; Contract Upgrade to Annual; Monthly Payment Option Added,24.5,One year,58
9184-GALIL,8.53,Low Risk,"Contract : Month-to-month, tenure : 38, InternetService : Fiber optic",Extend contract to 6 months; Offer loyalty discount on internet service; Upgrade to fiber optic plan.,20.45,Month-to-month,38
9769-TSBZE,1.84,Low Risk,"Contract : Month-to-month, tenure : 70, Contract : Two year",Extend contract to two years; offer loyalty discounts; Offer flexible payment options,66.0,Two year,70
8073-IJDCM,37.95,Medium Risk,"tenure : 1, Contract : Month-to-month, OnlineSecurity : No",Extend contract to minimum 6 months; Offer enhanced online security solution.,20.3,Month-to-month,1
8041-TMEID,7.27,Low Risk,"Contract : Month-to-month, Contract : Two year, tenure : 63","Contract: Month-to-month; Offer flexible payment plans;
Contract: Two year; Provide additional contract options;
Tenure: 63; Schedule regular check-ins with customer.",108.5,Two year,63
1929-ZCBHE,4.76,Low Risk,"Contract : Month-to-month, tenure : 47, InternetService : Fiber optic","Contract review for month-to-month; 
Regular check-ins on tenure; 
Promote fiber optic upgrades.",40.3,One year,47
5686-CMAWK,13.53,Low Risk,"Contract : Month-to-month, PaymentMethod : Electronic check, PaperlessBilling : No",Contract: Offer flexible payment plans; PaymentMethod: Set up automatic bank transfer; PaperlessBilling: Activate digital billing option.,86.75,One year,17
0388-EOPEX,49.84,Medium Risk,"Contract : Month-to-month, OnlineSecurity : No, tenure : 2",Contract: Offer flexible renewal options; OnlineSecurity: Provide free antivirus software upgrade; Tenure: Send personalized retention offers.,74.4,Month-to-month,2
2725-IWWBA,2.2,Low Risk,"Contract : Month-to-month, tenure : 46, OnlineSecurity : No","Contract: Offer flexible payment plans;
Tenure: Schedule regular check-ins to retain;
OnlineSecurity: Provide complementary security solution.",56.9,One year,46
7996-MHXLW,1.53,Low Risk,"Contract : Month-to-month, tenure : 66, OnlineSecurity : No","Month-to-month contract renewal offered with discount;
Offer loyalty program incentives after 6 months tenure;
Implement online security features for free.",25.15,Two year,66
4521-YEEHE,57.98,Medium Risk,"Contract : Month-to-month, InternetService : Fiber optic, PaymentMethod : Electronic check","Contract renewal within next 30 days;
Offer premium fiber optic upgrade package;
Provide alternative payment methods options.",88.85,Month-to-month,18
5698-BQJOH,79.2,High Risk,"Contract : Month-to-month, InternetService : Fiber optic, OnlineSecurity : No","Contract: Negotiate contract term extension; Offer flexible payment plans;
 InternetService: Upgrade to more robust internet plan option;
 OnlineSecurity: Implement complimentary antivirus software package",94.4,Month-to-month,9
2266-FUBDZ,0.49,Low Risk,"Contract : Month-to-month, Contract : Two year, OnlineSecurity : No",Extend contract to two years; Offer enhanced online security features.,19.35,Two year,15
6142-VSJQO,56.7,Medium Risk,"tenure : 1, Contract : Month-to-month, InternetService : Fiber optic","tenure extension offer; contract review with upgrade options;
 fiber optic speed upgrade notification;",44.35,Month-to-month,1
3239-TPHPZ,2.2,Low Risk,"Contract : Month-to-month, Contract : Two year, OnlineSecurity : No","Month-to-month contract review for potential renewal;
Offer flexible payment plans to reduce financial stress;
Provide enhanced online security measures immediately.",20.05,Two year,12
3778-FOAQW,1.9,Low Risk,"Contract : Month-to-month, OnlineSecurity : No, InternetService : Fiber optic","Contract: Offer flexible month-to-month pricing options;
OnlineSecurity: Implement robust antivirus software;
InternetService: Upgrade to fiber optic package;",20.15,One year,24
0254-KCJGT,9.49,Low Risk,"Contract : Month-to-month, tenure : 52, OnlineSecurity : No","Contract: Offer contract extension for stability;
Tenure: Schedule regular check-ins to discuss growth;
OnlineSecurity: Provide complimentary security scan and advice.",81.4,One year,52
4472-VESGY,21.71,Low Risk,"tenure : 52, Contract : Month-to-month, OnlineSecurity : No",tenure upgrade to annual contract; offer enhanced online security features; schedule a follow-up call.,98.15,Month-to-month,52
8634-CILSZ,26.47,Low Risk,"Contract : Month-to-month, tenure : 69, OnlineSecurity : No","Extend contract term for stability;
Offer online security package upgrade;",104.7,One year,69
9932-WBWIK,10.91,Low Risk,"Contract : Month-to-month, OnlineSecurity : No, InternetService : Fiber optic",Contract: Offer fixed-term renewal options; OnlineSecurity: Provide free antivirus software; InternetService: Upgrade to fiber plan.,20.35,Month-to-month,11
7558-IMLMT,1.2,Low Risk,"Contract : Month-to-month, tenure : 67, Contract : Two year","Contract review; Contract extension offer within six months;
Tenure discussion: loyalty program benefits and renewal incentives;
Monthly performance review with customized support plan.",20.8,Two year,67
9774-NRNAU,18.27,Low Risk,"tenure : 27, InternetService : Fiber optic, Contract : Month-to-month","tenure: Offer loyalty rewards for long-term commitment;
InternetService: Provide exclusive fiber optic promotions;
Contract: Introduce flexible contract options monthly.",84.8,Month-to-month,27
1162-ECVII,10.48,Low Risk,"tenure : 72, Contract : Month-to-month, Contract : Two year","tenure: send monthly progress updates to ensure engagement;
contract: offer flexible payment plans for month-to-month contracts;
contract: review and upgrade to a longer-term contract.",109.75,Two year,72
3956-MGXOG,44.82,Medium Risk,"Contract : Month-to-month, tenure : 28, InternetService : Fiber optic","Contract: Offer contract extension options immediately;
Tenure: Schedule personalized retention call within week;
InternetService: Provide complimentary upgrade to fiber plan.",80.6,Month-to-month,28
8221-EQDGL,10.91,Low Risk,"tenure : 35, Contract : Month-to-month, InternetService : Fiber optic","tenure : Offer loyalty program after 6 months
Contract: Review and consider contract extension options
InternetService : Provide exclusive fiber optic upgrade offer",61.0,Month-to-month,35
1139-WUOAH,2.41,Low Risk,"Contract : Month-to-month, tenure : 57, Contract : Two year","Extend contract to two years; 
Offer month-to-month rate adjustments; 
Provide tenure-related discounts.",53.35,Two year,57
2709-UQGNP,23.63,Low Risk,"Contract : Month-to-month, OnlineSecurity : No, InternetService : Fiber optic","Contract: Offer flexible month-to-month renewal options; 

OnlineSecurity: Provide complimentary antivirus software subscription; 

InternetService: Upgrade to fiber optic internet plan immediately.",51.65,Month-to-month,10
5998-VVEJY,48.47,Medium Risk,"tenure : 26, Contract : Month-to-month, InternetService : Fiber optic","tenure : offer loyalty discount for long-term customers; 
contract : review month-to-month terms for stability; 
InternetService : provide alternative fiber optic plans.",80.5,Month-to-month,26
0015-UOCOJ,32.63,Medium Risk,"Contract : Month-to-month, OnlineSecurity : No, InternetService : Fiber optic","Contract: Offer flexible billing options; 
OnlineSecurity: Provide complimentary virus removal; 
InternetService: Upgrade to fiber optic plan.",48.2,Month-to-month,7
3413-CSSTH,23.63,Low Risk,"tenure : 41, Contract : Month-to-month, InternetService : Fiber optic","tenure: Offer loyalty discount for longer term commitments;
Contract: Review and extend contract to 12 months;
InternetService: Provide priority customer support for fiber optic users;",55.7,Month-to-month,41
5505-OVWQW,2.2,Low Risk,"Contract : Month-to-month, OnlineSecurity : No, InternetService : Fiber optic","Contract: Offer flexible month-to-month renewal terms;
OnlineSecurity: Provide complimentary antivirus software upgrade now;
InternetService: Upgrade to faster fiber optic package.",20.15,One year,17
7208-PSIHR,11.33,Low Risk,"Contract : Month-to-month, tenure : 70, OnlineSecurity : No",Contract: Offer contract extension for stability; tenure: Schedule quarterly check-ins to discuss growth; OnlineSecurity: Provide free security audit.,104.3,Two year,70
9323-HGFWY,21.71,Low Risk,"Contract : Month-to-month, InternetService : Fiber optic, OnlineSecurity : No","Contract: Offer flexible month-to-month renewal option;
InternetService: Provide faster fiber optic upgrade; 
OnlineSecurity: Introduce complimentary security package.",101.9,One year,27
2729-VNVAP,0.49,Low Risk,"Contract : Month-to-month, Contract : Two year, OnlineSecurity : No","Extend contract term to two years; 
Offer free online security solution upgrade; 
Schedule bi-monthly check-in meetings with account manager.",19.8,Two year,33
2302-ANTDP,32.63,Medium Risk,"Contract : Month-to-month, InternetService : Fiber optic, tenure : 48",Extend contract term to 6 months; Offer fiber optic promotion package; Schedule meeting to discuss retention.,117.45,Month-to-month,48
6860-YRJZP,73.9,High Risk,"Contract : Month-to-month, OnlineSecurity : No, InternetService : Fiber optic",Extend contract to 6 months; Offer enhanced online security solution; Upgrade to fiber optic internet.,74.05,Month-to-month,9
4929-ROART,11.93,Low Risk,"Contract : Month-to-month, InternetService : Fiber optic, OnlineSecurity : No","Contract: Offer flexible renewal terms and pricing;
InternetService: Provide complimentary fiber optic upgrade package;
OnlineSecurity: Initiate mandatory antivirus software installation.",56.25,Month-to-month,18
5406-KGRMX,1.2,Low Risk,"tenure : 71, Contract : Month-to-month, Contract : Two year",Offer tenure-based loyalty rewards; extend two-year contract option; schedule regular check-in calls,24.55,Two year,71
1991-VOPLL,10.91,Low Risk,"Contract : Month-to-month, OnlineSecurity : No, InternetService : Fiber optic",Extend contract to at least 6 months; Offer online security solution; Upgrade to fiber optic internet.,19.05,Month-to-month,9
9391-YZEJW,24.89,Low Risk,"Contract : Month-to-month, tenure : 62, OnlineSecurity : No",Extend contract to a fixed term; Offer security plan upgrade; Provide tenure milestone recognition.,94.0,One year,62
3138-BKYAV,63.54,Medium Risk,"Contract : Month-to-month, InternetService : Fiber optic, OnlineSecurity : No",Month-to-month contract review for upgrade options; Offer premium internet plan upgrade; Complimentary online security solution provision,85.35,Month-to-month,6
8265-HKSOW,1.9,Low Risk,"tenure : 72, Contract : Month-to-month, Contract : Two year","tenure : extend contract to two years; 
 Month-to-month contract review; 
 Contract renewal offer",107.45,Two year,72
1110-KYLGQ,23.84,Low Risk,"tenure : 63, Contract : Month-to-month, InternetService : Fiber optic","tenure: Offer loyalty discounts for longer customers;
Contract: Provide flexible renewal options for month-to-month;
InternetService: Upgrade to premium fiber optic plans.",108.25,Month-to-month,63
8063-RJYNF,51.51,Medium Risk,"Contract : Month-to-month, OnlineSecurity : No, InternetService : Fiber optic","Contract: Offer fixed-term extension; 
OnlineSecurity: Provide complimentary antivirus software; 
InternetService: Upgrade to faster fiber plan.",94.25,Month-to-month,16
2770-NSVDG,26.47,Low Risk,"Contract : Month-to-month, tenure : 24, InternetService : Fiber optic","Offer month-to-month contract extension; 
Provide loyalty program incentives; 
Upgrade to premium Fiber optic plan.",29.1,Month-to-month,24
3070-FNFZQ,0.49,Low Risk,"Contract : Month-to-month, Contract : Two year, OnlineSecurity : No",Extend contract term to two years; offer online security package upgrade; schedule follow-up call within week.,20.4,Two year,23
3262-EIDHV,1.57,Low Risk,"tenure : 72, Contract : Month-to-month, Contract : Two year","tenure: Offer premium support for loyal customers; 
Contract Month-to-month: Extend to contract option; 
 Contract Two year: Promote two-year renewal offer.",84.7,Two year,72
1754-GKYPY,47.8,Medium Risk,"Contract : Month-to-month, InternetService : Fiber optic, tenure : 22","Contact customer to discuss contract renewal options;
Offer upgraded internet service with faster speeds;
Schedule a meeting to review account history.",89.75,Month-to-month,22
5271-YNWVR,9.68,Low Risk,"Contract : Month-to-month, Contract : Two year, InternetService : Fiber optic","Contract renewal offer; Fiber optic upgrade to faster plan;
Regular contract review and assessment meeting scheduled.",113.15,Two year,68
2397-BRLOM,49.64,Medium Risk,"Contract : Month-to-month, InternetService : Fiber optic, OnlineSecurity : No","Contract: Offer 6-month discounted renewal option;
InternetService: Provide free fiber optic upgrade offer;
OnlineSecurity: Introduce affordable security package deal;",80.45,Month-to-month,8
1080-BWSYE,0.49,Low Risk,"Contract : Month-to-month, tenure : 64, Contract : Two year",Extend contract to two years; Offer tenure-based discounts; Provide loyalty incentives.,25.65,Two year,64
8436-BJUMM,48.32,Medium Risk,"Contract : Month-to-month, tenure : 26, InternetService : Fiber optic","Contract renewal; Offer flexible payment plans;
Re-evaluate contract terms for longer commitments;
Fiber optic upgrade to solid-state options.",83.75,Month-to-month,26
3957-HHLMR,7.51,Low Risk,"tenure : 70, Contract : Month-to-month, OnlineSecurity : No",tenure: Offer loyalty program with milestone rewards; Contract: Extend subscription for 6 months; OnlineSecurity: Provide complimentary antivirus software,65.2,One year,70
0530-IJVDB,6.74,Low Risk,"Contract : Month-to-month, tenure : 70, Contract : Two year","Month-to-month contract: Offer flexible pricing plans;
Tenure of 70 months: Provide retention incentives;
Two-year contract: Extend for customer loyalty.",114.6,Two year,70
8606-OEGQZ,1.2,Low Risk,"Contract : Month-to-month, Contract : Two year, OnlineSecurity : No",Extend contract to two years; Offer online security package; Schedule a follow-up call.,25.3,Two year,18
1937-OTUKY,2.41,Low Risk,"Contract : Month-to-month, tenure : 72, Contract : Two year",Contract Extension Offer; Contract Renewal Email; Tenure-based Success Plan,98.2,Two year,72
5996-EBTKM,4.57,Low Risk,"Contract : Month-to-month, tenure : 67, OnlineSecurity : No","Contact customer to review month-to-month contract; 
Offer flexible payment plans for extended tenure; 
Provide complimentary online security solution upgrade.",69.9,Two year,67
3714-JTVOV,26.41,Low Risk,"Contract : Month-to-month, OnlineSecurity : No, tenure : 42","Month-to-month contract; Convert to annual; Offer premium support;
Enhance OnlineSecurity features; Provide complimentary antivirus software;
Extend tenure; Offer loyalty rewards for continued subscription.",74.15,Month-to-month,42
6348-SNFUS,0.49,Low Risk,"tenure : 72, Contract : Month-to-month, Contract : Two year",tenure : Offer loyalty discount for long-term commitment; Contract: Month-to-month: Consider flexible payment plans; Contract: Two year: Review contract renewal options,55.45,Two year,72
8010-EZLOU,57.98,Medium Risk,"Contract : Month-to-month, InternetService : Fiber optic, PaymentMethod : Electronic check","Contract: Offer flexible payment terms;
InternetService: Consider upgrading to bonded service;
PaymentMethod: Promptly update electronic check method.",80.2,Month-to-month,15
0780-XNZFN,0.49,Low Risk,"Contract : Month-to-month, tenure : 57, Contract : Two year",Contract extension offer; Two-year contract renewal negotiation; Additional support resources.,20.65,Two year,57
8456-QDAVC,37.95,Medium Risk,"Contract : Month-to-month, tenure : 19, InternetService : Fiber optic","Contract: Offer contract extension at renewal;
Tenure: Schedule regular check-ins after 1 year;
InternetService: Provide priority fiber optic support.",78.7,Month-to-month,19
2277-BKJKN,10.91,Low Risk,"tenure : 71, Contract : Month-to-month, Contract : Two year","tenure : offer loyalty discount for long-term commitment; 
 Contract : month-to-month: consider switching to annual contract; 
 Contract : two year: review renewal terms for stability",99.2,Two year,71
9944-HKVVB,72.22,High Risk,"Contract : Month-to-month, tenure : 3, OnlineSecurity : No",Contract: Offer 1-year contract extension; tenure: Request customer feedback meeting; OnlineSecurity: Provide free antivirus upgrade.,95.1,Month-to-month,3
5013-SBUIH,11.33,Low Risk,"Contract : Month-to-month, Contract : Two year, InternetService : Fiber optic",Extend contract term to two years; offer fiber optic upgrade options; send monthly billing reminders.,109.65,Two year,50
6103-LIANB,13.54,Low Risk,"Contract : Month-to-month, tenure : 59, OnlineSecurity : No","Contract review for potential month-to-month renewal; 
Offer online security package to mitigate risk; 
Personalized call to discuss long-term plans with customer.",99.5,Two year,59
4759-TRPLW,75.93,High Risk,"tenure : 1, Contract : Month-to-month, InternetService : Fiber optic",Extend contract term; Offer premium fiber internet upgrade; Schedule regular check-ins.,70.4,Month-to-month,1
2027-WKXMW,38.29,Medium Risk,"tenure : 63, Contract : Month-to-month, InternetService : Fiber optic","tenure: offer loyalty discount within next 6 months;
 Contract: review and renegotiate month-to-month terms;
 InternetService: provide complimentary fiber upgrade option.",108.75,Month-to-month,63
0440-MOGPM,24.84,Low Risk,"Contract : Month-to-month, InternetService : Fiber optic, OnlineSecurity : No","Contract: Offer flexible month-to-month pricing options;
InternetService: Provide complimentary fiber optic upgrade offer;
OnlineSecurity: Offer free trial of comprehensive security package.",80.55,One year,41
6950-TWMYB,7.08,Low Risk,"Contract : Month-to-month, tenure : 54, Contract : Two year","Month-to-month contract review for possible upgrade;
Offer additional features to justify renewal;
Review customer tenure and potential upsell opportunities.",79.95,Two year,54
9979-RGMZT,33.37,Medium Risk,"Contract : Month-to-month, OnlineSecurity : No, InternetService : Fiber optic",Offer contract extension to month-to-month; upgrade online security package; prioritize fiber optic internet installation.,94.05,One year,7
1293-BSEUN,0.0,Low Risk,"tenure : 72, Contract : Month-to-month, Contract : Two year","Action: Send reminder about contract renewal benefits; 
Action: Offer flexible payment plans to Month-to-Month customers; 
Action: Provide onboarding support for Tenure 72 customers",20.7,Two year,72
1545-ACTAS,19.0,Low Risk,"Contract : Month-to-month, InternetService : Fiber optic, OnlineSecurity : No","Contract renewal offer; Offer flexible month-to-month plans;
Fiber optic speed upgrade to 1 Gbps;
OnlineSecurity suite subscription.",99.7,One year,48
1060-ENTOF,15.06,Low Risk,"Contract : Month-to-month, tenure : 67, OnlineSecurity : No","Offer contract flexibility upgrade to fixed-term; 
Provide additional support for long-term customers;
Implement online security features.",105.4,One year,67
3717-FDJFU,1.57,Low Risk,"Contract : Month-to-month, Contract : Two year, OnlineSecurity : No",Extend contract period; Offer enhanced online security solution; Schedule bi-monthly check-ins.,20.45,Two year,5
1269-FOYWN,1.9,Low Risk,"Contract : Month-to-month, tenure : 44, OnlineSecurity : No","Contract Review and Renewal Offer; 
Tenure-Increased Support Upgrade Package; 
Comprehensive OnlineSecurity Setup Assistance Provided.",20.0,One year,44
0376-YMCJC,56.9,Medium Risk,"Contract : Month-to-month, InternetService : Fiber optic, tenure : 23","Contract: Offer contract extension with stable pricing;
InternetService: Provide alternative internet plans;
Tenure: Send birthday offer package with discount",90.6,Month-to-month,23
2832-KJCRD,55.23,Medium Risk,"Contract : Month-to-month, tenure : 38, InternetService : Fiber optic","Contract: Extend to 12 months or more;
tenure: Offer loyalty rewards for long-term commitment;
InternetService: Upgrade to fiber optic premium package.",103.65,Month-to-month,38
0394-YONDK,0.0,Low Risk,"Contract : Month-to-month, tenure : 70, Contract : Two year",Extend contract to two years; Offer flexible payment plans; Schedule regular check-ins.,25.15,Two year,70
9060-HJJRW,17.44,Low Risk,"Contract : Month-to-month, tenure : 51, OnlineSecurity : No","Contact customer to discuss contract renewal options;
Offer loyalty program with benefits tailored tenure;
Provide complimentary online security upgrade package.",56.4,One year,51
2402-TAIRZ,10.91,Low Risk,"Contract : Month-to-month, tenure : 37, PaperlessBilling : No","Contact customer about month-to-month contract; Offer flexible renewal options;
Send reminders to update Paperless Billing status;",80.05,One year,37
3030-YZADT,27.29,Low Risk,"Contract : Month-to-month, InternetService : Fiber optic, OnlineSecurity : No","Month-to-month contract review for early renewal; Offer flexible payment terms; Provide a discount incentive.

Fiber optic internet upgrade to premium speed; Enhance data limits for heavy users; Introduce faster data transfer speeds.",44.95,Month-to-month,9
9500-WBGRP,1.36,Low Risk,"Contract : Month-to-month, tenure : 69, Contract : Two year","Contract review and renewal discussion;
Offer tiered pricing for long-term commitment;
Monthly payment plans with interest option.",19.1,Two year,69
0880-FVFWF,30.69,Medium Risk,"tenure : 56, Contract : Month-to-month, OnlineSecurity : No",tenure extension offer; contract upgrade to annual plan; online security training enrollment,86.4,Month-to-month,56
1143-NMNQJ,89.51,Critical Risk,"tenure : 2, Contract : Month-to-month, OnlineSecurity : No","Action; Extend contract to 6 months;
Personalized online security setup assistance offered;
Tenure-based upgrade discount offer extended.",85.7,Month-to-month,2
8107-RZLNV,10.91,Low Risk,"tenure : 72, Contract : Month-to-month, OnlineSecurity : No","Action; Offer contract upgrade to stability; 
Action; Enhance online security features; 
Action; Provide retention incentives for long tenure.",106.3,Two year,72
5327-CNLUQ,9.45,Low Risk,"Contract : Month-to-month, Contract : Two year, OnlineSecurity : No","Contract review for month-to-month renewal; Offer contract extension options; Clarify billing schedule.

 Contract review for two-year review; Provide flexible upgrade/downgrade paths; Evaluate subscription level alignment. 

OnlineSecurity feature activation; Enhance password manager functionality; Schedule security review session.",96.9,Two year,48
7089-XXAYG,10.91,Low Risk,"Contract : Month-to-month, OnlineSecurity : No, InternetService : Fiber optic",Contract: Offer flexible renewal terms; OnlineSecurity: Provide complimentary antivirus software; InternetService: Upgrade to fiber package.,38.1,One year,25
3976-HXHCE,0.0,Low Risk,"tenure : 72, Contract : Month-to-month, Contract : Two year","tenure : offer upgrade to longer contract; 
 Month-to-month contract review with alternative options; 
 Two-year contract extension discussion.",19.3,Two year,72
8404-GFGCZ,49.97,Medium Risk,"Contract : Month-to-month, tenure : 4, InternetService : Fiber optic","Contract: Offer flexible renewal options; 
Tenure: Provide loyalty discounts for long-term commitments; 
InternetService: Upgrade to premium fiber plans.",65.6,Month-to-month,4
7622-NXQZR,15.83,Low Risk,"tenure : 28, Contract : Month-to-month, InternetService : Fiber optic","tenure: offer loyalty discounts for longer customers;
Contract: consider upgrading to fixed-term plans;
InternetService: provide exceptional fiber optic support.",30.1,Month-to-month,28
4199-QHJNM,10.91,Low Risk,"Contract : Month-to-month, Contract : Two year, tenure : 67",Extend contract term; offer two-year renewal plan; schedule follow-up call.,102.9,Two year,67
3243-ZHOHY,2.2,Low Risk,"Contract : Month-to-month, OnlineSecurity : No, InternetService : Fiber optic","Offer contract extension with fixed-term renewal option;
Send complimentary online security scan and protection package;
Install fiber optic upgrade to prevent future risks.",20.1,One year,16
3084-DOWLE,1.57,Low Risk,"tenure : 72, Contract : Month-to-month, Contract : Two year","tenure increase to two-year contract; 
provide flexible payment plans; 
offer loyalty rewards program",92.0,Two year,72
0348-SDKOL,33.82,Medium Risk,"tenure : 58, Contract : Month-to-month, InternetService : Fiber optic","tenure: Offer loyalty discount for committed customers; 
renew contract to fixed term; 
upgrade Fiber optic service.",102.1,Month-to-month,58
7503-ZGUZJ,93.81,Critical Risk,"tenure : 1, Contract : Month-to-month, InternetService : Fiber optic",Extend tenure offer; Negotiate contract renewal; Upgrade internet to fiber.,84.65,Month-to-month,1
